id,packId,packName,packUnit,packMeal,typeMeal,time,hnId,codebox,codedrawer
1,p0001,Mefenamic Acid (เมเฟนามิค แอซิด) : ยาแก้ปวดลดไข้ แก้ปวดประจำเดือน,3,BB,BM,B,63000001,0x01,0x40
2,p0010,เกลือแร่ : แก้ท้องเสีย,6,AL,AM,L,63000001,0x01,0x40
3,p0013,Clopidogrel (โคลพิโดเกรล) : ยาต้านการแข็งตัวของเกล็ดเลือด,1,BL,BM,L,63000001,0x01,0x40
4,p0016,Celecoxib (เซเลโคซิบ) : ยาอักเสบ บรรเทาปวดและบวม,4,BD,AM,D,63000001,0x01,0x40
5,p0020,Clopidogrel (โคลพิโดเกรล) : ยาต้านการแข็งตัวของเกล็ดเลือด,7,AL,BM,L,63000001,0x01,0x40
6,p0024,เกลือแร่ : แก้ท้องเสีย,1,AD,AM,D,63000001,0x01,0x40
7,p0028,Atorvastatin (อะทอร์วาสแตติน) : เป็นยาลดระดับคอเลสเตอรอลที่ไม่ดี และไตรกลีเซอไรด์ในเลือด,1,BL,BM,L,63000001,0x01,0x40
8,p0002,Amoxicillin (อะม็อกซีซิลลิน) : ยาบรรเทาอาการติดเชื้อในระบบทางเดินหายใจ,3,AB,AM,B,63000002,0x01,0x20
9,p0011,วิตามินรวม และแร่ธาตุ,7,BD,BM,D,63000002,0x01,0x20
10,p0014,Atorvastatin (อะทอร์วาสแตติน) : เป็นยาลดระดับคอเลสเตอรอลที่ไม่ดี และไตรกลีเซอไรด์ในเลือด,2,AD,AM,D,63000002,0x01,0x20
11,p0017,เกลือแร่ : แก้ท้องเสีย,5,BE,BM,E,63000002,0x01,0x20
12,p0021,Atorvastatin (อะทอร์วาสแตติน) : เป็นยาลดระดับคอเลสเตอรอลที่ไม่ดี และไตรกลีเซอไรด์ในเลือด,8,BD,AM,D,63000002,0x01,0x20
13,p0025,วิตามินรวม และแร่ธาตุ,1,AL,BM,L,63000002,0x01,0x20
14,p0029,Doxazosin (ดอกซาโซซิน) : ยาขยายหลอดเลือด ลดความดันโลหิต,1,AD,AM,D,63000002,0x01,0x20
15,p0003,Roxithromycin (รอกซิโทรมัยซิน) : รักษาอาการหลอดลมอักเสบ ปอดอักเสบ และไซนัส,3,BL,BM,L,63000003,0x01,0x10
16,p0012,Simvastatin (ซิมวาสแตติน) : เป็นยาลดระดับคลอเรสเตอรอลในหลอดเลือด,8,BE,AM,E,63000003,0x01,0x10
17,p0015,Doxazosin (ดอกซาโซซิน) : ยาขยายหลอดเลือด ลดความดันโลหิต,3,AL,BM,L,63000003,0x01,0x10
18,p0018,วิตามินรวม และแร่ธาตุ,6,BL,AM,L,63000003,0x01,0x10
19,p0022,Doxazosin (ดอกซาโซซิน) : ยาขยายหลอดเลือด ลดความดันโลหิต,1,BE,BM,E,63000003,0x01,0x10
20,p0026,Simvastatin (ซิมวาสแตติน) : เป็นยาลดระดับคลอเรสเตอรอลในหลอดเลือด,1,BD,AM,D,63000003,0x01,0x10
21,p0030,Celecoxib (เซเลโคซิบ) : ยาอักเสบ บรรเทาปวดและบวม,1,BL,BM,L,63000003,0x01,0x10
22,p0004,Dextromethorphan (เดกซ์โทรเมทอร์แฟน) : ยาบรรเทาอาการไอแบบมีเสมหะ,1,AD,AM,D,63000004,0x01,0x08
23,p0007,Fexofenadine (เฟกโซเฟนาดีน) : ยาแก้แพ้ แก้ลมพิษ,4,BE,BM,E,63000004,0x01,0x08
24,p0019,Simvastatin (ซิมวาสแตติน) : เป็นยาลดระดับคลอเรสเตอรอลในหลอดเลือด,1,AD,AM,D,63000004,0x01,0x08
25,p0023,Celecoxib (เซเลโคซิบ) : ยาอักเสบ บรรเทาปวดและบวม,9,BL,BM,L,63000004,0x01,0x08
26,p0027,Clopidogrel (โคลพิโดเกรล) : ยาต้านการแข็งตัวของเกล็ดเลือด,1,BE,AM,E,63000004,0x01,0x08
27,p0005,Carbocysteine (คาร์โบซิสเทอีน) : ยาแก้ไอแบบมีเสมหะ สำหรับโรคทางระบบทางเดินหายใจ,2,AL,BM,L,63000005,0x01,0x04
28,p0008,Aliminium Hydroxide (อะลูมิเนียมไฮดรอกไซด์) : ยาลดกรด แก้ปวดท้อง ,4,BL,AM,L,63000005,0x01,0x04
29,p0006,Bromhexine (บรอมเฮกซีน) : ยาละลายเสมหะ ,3,BD,BM,D,63000006,0x01,0x02
30,p0009,Domperidone (ดอมเพอริโดน) : บรรเทาอาการคลื่นไส้หรืออาเจียน,5,AD,AM,D,63000006,0x01,0x02
